Run,Gen,BestScore,Material,2x2 Structure,Mobility,Corners,Edges,Center
run0,1,0.0,87.1,3.7,29.0,2.0,-1.6,
run0,2,0.0,87.1,3.7,29.0,2.0,-1.6,
run0,3,0.0,98.9,7.4,13.0,6.0,-2.6,
run0,4,0.0,98.9,7.4,13.0,6.0,-2.6,
run0,5,0.0,89.9,11.2,15.9,8.8,2.0,
run0,6,0.0,89.9,11.2,15.9,8.8,2.0,
run0,7,0.9,96.2,1.9,29.2,9.9,-3.7,
run0,8,1.12,98.7,17.2,16.3,6.4,-0.5,
run0,9,1.09,90.7,5.2,19.3,4.9,5.0,
run0,10,1.07,91.7,14.5,25.3,2.4,-2.1,
run0,11,1.03,91.7,14.5,25.3,2.4,-2.1,
run0,12,1.06,126.0,2.5,24.2,3.7,0.3,
run0,13,1.01,91.7,14.5,25.3,2.4,11.0,
run0,14,1.01,91.7,14.5,25.3,2.4,-2.1,
run0,15,1.01,91.7,14.5,25.3,2.4,-2.1,
run1,1,1.1383333333333334,195.0,98.7,17.2,16.3,6.4,-4.592871283612453
run1,2,1.1883333333333337,195.0,98.7,17.2,16.3,1.0,-4.592871283612453
run1,3,1.1716666666666666,195.0,98.7,17.2,16.3,6.4,-4.592871283612453
run1,4,1.17,195.0,98.7,17.2,16.3,6.4,-4.592871283612453
run1,5,1.1483333333333334,195.0,98.7,29.41197312462146,16.3,8.603813335545675,-4.592871283612453
run1,6,1.106666666666667,195.0,98.7,17.2,16.3,8.603813335545675,-4.592871283612453
run1,7,1.1783333333333337,195.0,98.7,17.2,30.0,1.0,-4.592871283612453
run1,8,1.1016666666666666,195.0,98.7,17.2,16.3,8.603813335545675,-4.592871283612453
run1,9,1.1733333333333331,195.0,98.7,17.2,10.0,8.603813335545675,-4.592871283612453
run1,10,1.1266666666666667,195.0,104.93810598528057,17.2,16.3,15.0,-4.592871283612453
run1,11,1.1766666666666667,195.0,104.93810598528057,17.2,16.3,15.0,-4.592871283612453
run1,12,1.1683333333333332,195.0,104.93810598528057,17.2,16.3,15.0,-4.592871283612453
run1,13,1.16,198.9582520225027,104.93810598528057,17.2,16.3,15.0,-4.592871283612453
run1,14,1.1666666666666667,191.82643324809715,114.58008429115041,13.547032296750057,16.3,15.0,-4.592871283612453
run1,15,1.195,191.82643324809715,114.58008429115041,13.547032296750057,16.3,15.0,-4.592871283612453
run1,16,1.1766666666666663,195.0,116.0155586070261,13.547032296750057,16.3,15.0,-4.592871283612453
run1,17,1.1783333333333337,195.0,116.0155586070261,13.547032296750057,16.3,15.0,-4.592871283612453
run1,18,1.1883333333333332,195.0,123.83674639674145,13.547032296750057,18.615009250009862,15.0,-4.592871283612453
run1,19,1.195,195.0,123.83674639674145,13.547032296750057,18.615009250009862,15.0,-4.592871283612453
run1,20,1.1800000000000002,188.55363775124405,111.59204778705625,13.547032296750057,16.3,15.0,-10.0
run1,21,1.1783333333333337,188.55363775124405,111.59204778705625,13.547032296750057,16.3,15.0,-10.0
run1,22,1.1966666666666663,191.15930685661283,111.59204778705625,0.0,16.3,15.0,-2.2829499154408524
run1,23,1.1800000000000002,191.15930685661283,116.0155586070261,13.547032296750057,12.439494047111426,15.0,-10.0
run1,24,1.1766666666666667,191.15930685661283,116.0155586070261,13.547032296750057,12.439494047111426,15.0,-10.0
run1,25,1.2049999999999998,191.15930685661283,116.0155586070261,13.547032296750057,12.439494047111426,15.0,-10.0
run1,26,1.195,191.15930685661283,116.0155586070261,13.547032296750057,12.439494047111426,15.0,-10.0
run1,27,1.1866666666666668,191.15930685661283,116.0155586070261,13.547032296750057,12.439494047111426,15.0,-10.0
run1,28,1.1849999999999998,194.90466369984696,116.0155586070261,13.547032296750057,12.439494047111426,15.0,5.0
run1,29,1.1883333333333337,191.15930685661283,125.66955245581651,13.547032296750057,12.439494047111426,15.0,-10.0
run1,30,1.2066666666666666,191.15930685661283,124.66560541646093,13.547032296750057,12.439494047111426,9.6499624146635,-10.0
run1,31,1.2066666666666666,191.15930685661283,125.94560512158343,13.547032296750057,12.439494047111426,9.6499624146635,-10.0
run1,32,1.1916666666666669,191.15930685661283,121.45015982040537,13.547032296750057,12.439494047111426,9.1571156580876,-10.0
run1,33,1.1883333333333332,191.15930685661283,123.05272196643165,13.547032296750057,12.439494047111426,9.6499624146635,-10.0
run1,34,1.2,191.15930685661283,121.45015982040537,13.547032296750057,12.439494047111426,9.6499624146635,-10.0
run1,35,1.18,191.15930685661283,123.05272196643165,20.748584688860944,12.439494047111426,9.6499624146635,-10.0
run2,1,1.1216666666666668,191.16,124.67,13.55,12.44,9.65,-10.0
run2,2,0.8066666666666666,191.16,124.67,13.55,10.0,1.0,-10.0
run2,3,1.13,191.16,124.67,13.55,10.0,1.0,-10.0
run2,4,1.1216666666666668,191.16,124.67,20.019356076764655,17.505726242647796,5.461307415944216,-10.0
run2,5,1.17,191.16,124.67,20.019356076764655,17.505726242647796,5.461307415944216,-10.0
run2,6,1.1216666666666668,191.16,124.67,20.019356076764655,17.505726242647796,5.461307415944216,-10.0
run2,7,1.1150000000000002,191.16,124.67,20.019356076764655,17.505726242647796,5.461307415944216,-10.0
run2,8,1.1216666666666668,191.16,124.67,20.019356076764655,17.505726242647796,5.461307415944216,-10.0
run2,9,1.1383333333333334,191.16,124.67,20.019356076764655,10.0,15.0,-10.0
run2,10,1.1216666666666668,191.16,124.67,20.019356076764655,17.505726242647796,5.461307415944216,-10.0
run2,11,1.125,191.16,124.67,20.019356076764655,17.505726242647796,5.461307415944216,-10.0
run2,12,1.1233333333333333,191.16,124.67,20.019356076764655,17.505726242647796,5.461307415944216,-10.0
run2,13,1.1616666666666668,191.16,124.67,20.019356076764655,17.505726242647796,5.461307415944216,-10.0
run2,14,1.09,191.16,124.67,20.019356076764655,20.712605579309148,5.461307415944216,-12.923737421106
run2,15,1.13,191.16,124.67,20.019356076764655,20.712605579309148,5.461307415944216,-12.923737421106
run2,16,1.116666666666667,191.16,124.67,20.019356076764655,17.505726242647796,5.461307415944216,-10.0
run2,17,1.0950000000000002,191.16,124.67,20.019356076764655,21.3820703635975,5.461307415944216,-10.0
run2,18,1.1216666666666668,191.16,124.67,23.1089699694988,17.505726242647796,5.461307415944216,-10.0
run2,19,1.14,191.16,126.5632670405039,20.019356076764655,21.3820703635975,5.461307415944216,-10.0
run2,20,1.1816666666666669,191.16,126.5632670405039,20.019356076764655,21.3820703635975,5.461307415944216,-10.0
run3,1,0.3699999999999999,191.16,126.56,20.02,21.38,15.0,-10.0
run3,2,0.735,191.16,126.56,27.247723884617635,21.38,15.0,-10.0
run4,1,0.36,191.2,126.6,20.0,21.4,23.981310042491174,-10.0
run4,2,0.3783333333333334,191.2,126.6,20.0,21.4,15.0,-4.8303904254464705
run4,3,0.7266666666666669,191.2,126.6,6.13080059636183,21.4,15.0,-4.8303904254464705
run4,4,0.7566666666666667,191.2,128.40658208950066,10.276310562806197,33.38630327982145,23.981310042491174,-10.0
run4,5,0.7466666666666667,191.2,128.40658208950066,10.276310562806197,33.38630327982145,15.0,-4.8303904254464705
run4,6,1.14,189.31711691713792,126.6,6.13080059636183,21.4,15.0,-4.8303904254464705
run4,7,1.13,189.31711691713792,126.6,6.13080059636183,21.4,15.0,-4.8303904254464705
run4,8,0.75,189.31711691713792,126.6,6.13080059636183,31.688254180176212,15.0,-4.8303904254464705
run4,9,1.116666666666667,189.31711691713792,126.6,6.13080059636183,21.4,15.0,-4.8303904254464705
run4,10,0.7466666666666667,189.31711691713792,126.6,6.13080059636183,21.4,15.0,-4.8303904254464705
run4,11,1.09,189.31711691713792,126.6,13.155619892576869,32.583776605450346,15.0,-4.8303904254464705
run4,12,1.106666666666667,189.31711691713792,138.25768090531164,13.155619892576869,32.583776605450346,15.0,-4.8303904254464705
run4,13,1.086666666666667,174.43680484352367,126.6,13.155619892576869,32.583776605450346,15.0,-4.8303904254464705
run4,14,1.1333333333333335,174.43680484352367,126.6,13.155619892576869,32.583776605450346,15.0,-4.8303904254464705
run4,15,1.11,189.31711691713792,138.25768090531164,13.155619892576869,32.583776605450346,15.0,-4.8303904254464705
run4,16,0.7300000000000001,174.43680484352367,138.25768090531164,13.155619892576869,32.583776605450346,15.0,-4.8303904254464705
run4,17,1.106666666666667,174.43680484352367,138.25768090531164,13.155619892576869,32.583776605450346,15.0,-4.8303904254464705
run4,18,0.77,174.43680484352367,138.25768090531164,13.155619892576869,32.583776605450346,7.181553214623593,-8.095059090579568
run4,19,1.1333333333333335,174.43680484352367,138.25768090531164,13.155619892576869,32.583776605450346,7.181553214623593,-8.095059090579568
run4,20,1.116666666666667,179.05442938131952,138.25768090531164,13.155619892576869,32.583776605450346,7.181553214623593,-8.095059090579568
run4,21,1.1,179.05442938131952,138.25768090531164,13.155619892576869,32.583776605450346,7.181553214623593,-8.095059090579568
run4,22,1.13,174.43680484352367,138.25768090531164,13.155619892576869,32.583776605450346,7.181553214623593,-8.095059090579568
run4,23,0.7466666666666667,174.43680484352367,138.25768090531164,13.155619892576869,32.583776605450346,7.181553214623593,-8.095059090579568
run4,24,1.1033333333333333,174.43680484352367,138.25768090531164,13.155619892576869,32.583776605450346,7.181553214623593,-8.095059090579568
run4,25,0.7366666666666668,174.43680484352367,138.25768090531164,13.155619892576869,32.583776605450346,7.181553214623593,-8.095059090579568
run4,26,1.1333333333333333,174.43680484352367,138.25768090531164,13.155619892576869,32.583776605450346,7.181553214623593,-8.095059090579568
run4,27,0.7266666666666667,174.43680484352367,138.25768090531164,13.155619892576869,32.583776605450346,7.181553214623593,-8.095059090579568
run4,28,0.7300000000000001,174.43680484352367,138.25768090531164,13.155619892576869,32.583776605450346,7.181553214623593,-8.095059090579568
run4,29,1.1033333333333335,174.43680484352367,138.25768090531164,13.155619892576869,32.583776605450346,7.181553214623593,-8.095059090579568
run4,30,0.7700000000000001,174.43680484352367,138.25768090531164,13.155619892576869,32.583776605450346,7.181553214623593,-8.095059090579568
run4,31,1.13,174.43680484352367,138.25768090531164,13.155619892576869,32.583776605450346,7.181553214623593,-8.095059090579568
run4,32,1.12,174.43680484352367,138.25768090531164,13.155619892576869,32.583776605450346,7.181553214623593,-8.095059090579568
run4,33,1.1133333333333333,174.43680484352367,138.25768090531164,13.155619892576869,32.583776605450346,7.181553214623593,-8.095059090579568
run4,34,0.7500000000000001,174.43680484352367,138.25768090531164,13.155619892576869,32.583776605450346,7.181553214623593,-8.095059090579568
run4,35,1.12,174.43680484352367,138.25768090531164,13.155619892576869,32.583776605450346,7.181553214623593,-8.095059090579568
run4,36,1.096666666666667,174.43680484352367,138.25768090531164,13.155619892576869,32.583776605450346,7.181553214623593,-8.095059090579568
run4,37,1.1166666666666667,174.43680484352367,138.25768090531164,13.155619892576869,32.583776605450346,7.181553214623593,-8.095059090579568
run4,38,1.096666666666667,174.43680484352367,138.25768090531164,13.155619892576869,32.583776605450346,7.181553214623593,-8.095059090579568
run4,39,0.7366666666666668,174.43680484352367,138.25768090531164,13.155619892576869,32.583776605450346,7.181553214623593,-8.095059090579568
run4,40,1.1033333333333333,174.43680484352367,138.25768090531164,13.155619892576869,32.583776605450346,7.181553214623593,-8.095059090579568
run4,41,1.106666666666667,174.43680484352367,138.25768090531164,13.155619892576869,32.583776605450346,7.181553214623593,-8.095059090579568
run4,42,1.133333333333333,174.43680484352367,138.25768090531164,13.155619892576869,32.583776605450346,7.181553214623593,-8.095059090579568
run4,43,0.7333333333333335,174.43680484352367,138.25768090531164,13.155619892576869,32.583776605450346,7.181553214623593,-8.095059090579568
run4,44,1.1333333333333335,174.43680484352367,138.25768090531164,13.155619892576869,32.583776605450346,7.181553214623593,-8.095059090579568
run4,45,1.1033333333333333,174.43680484352367,138.25768090531164,13.155619892576869,32.583776605450346,7.181553214623593,-8.095059090579568
run4,46,1.0766666666666664,174.43680484352367,138.25768090531164,13.155619892576869,32.583776605450346,7.181553214623593,-8.095059090579568
run4,47,0.7366666666666668,174.43680484352367,138.25768090531164,13.155619892576869,32.583776605450346,7.181553214623593,-8.095059090579568
run4,48,0.7266666666666667,174.43680484352367,138.25768090531164,13.155619892576869,32.583776605450346,7.181553214623593,-8.095059090579568
run4,49,0.7566666666666667,174.43680484352367,138.25768090531164,13.155619892576869,32.583776605450346,7.181553214623593,-8.095059090579568
run4,50,1.1,174.43680484352367,138.25768090531164,13.155619892576869,32.583776605450346,7.181553214623593,-8.095059090579568
run4,51,1.12,174.43680484352367,138.25768090531164,13.155619892576869,32.583776605450346,7.181553214623593,-8.095059090579568
run4,52,1.13,174.43680484352367,138.25768090531164,13.155619892576869,32.583776605450346,7.181553214623593,-8.095059090579568
run4,53,1.1133333333333333,174.43680484352367,138.25768090531164,13.155619892576869,32.583776605450346,7.181553214623593,-8.095059090579568
run4,54,0.7833333333333333,174.43680484352367,138.25768090531164,13.155619892576869,32.583776605450346,7.181553214623593,-8.095059090579568
run4,55,1.1333333333333335,174.43680484352367,138.25768090531164,13.155619892576869,32.583776605450346,7.181553214623593,-8.095059090579568
run4,56,1.1333333333333335,174.43680484352367,138.25768090531164,13.155619892576869,32.583776605450346,7.181553214623593,-8.095059090579568
run4,57,1.0833333333333333,174.43680484352367,138.25768090531164,13.155619892576869,32.583776605450346,7.181553214623593,-8.095059090579568
run4,58,0.7333333333333334,174.43680484352367,138.25768090531164,13.155619892576869,32.583776605450346,7.181553214623593,-8.095059090579568
run4,59,0.7300000000000001,174.43680484352367,152.76134028890698,13.155619892576869,40.0,7.181553214623593,-8.095059090579568
run4,60,0.7833333333333335,174.43680484352367,138.25768090531164,13.155619892576869,32.583776605450346,7.181553214623593,-8.095059090579568
run4,61,1.1133333333333333,174.43680484352367,138.25768090531164,13.155619892576869,32.583776605450346,7.181553214623593,-8.095059090579568
run4,62,0.7366666666666668,174.43680484352367,138.25768090531164,13.155619892576869,32.583776605450346,7.181553214623593,-8.095059090579568
run4,63,0.7300000000000001,174.43680484352367,138.25768090531164,13.155619892576869,32.583776605450346,7.181553214623593,-8.095059090579568
run4,64,0.7300000000000001,174.43680484352367,138.25768090531164,13.155619892576869,32.583776605450346,7.181553214623593,-8.095059090579568
run4,65,1.1033333333333333,174.43680484352367,138.25768090531164,13.155619892576869,32.583776605450346,7.181553214623593,-8.095059090579568
run4,66,0.7300000000000001,174.43680484352367,138.25768090531164,13.155619892576869,32.583776605450346,7.181553214623593,-8.095059090579568
run4,67,1.0833333333333337,174.43680484352367,138.25768090531164,13.155619892576869,32.583776605450346,7.181553214623593,-8.095059090579568
run4,68,1.133333333333333,174.43680484352367,138.25768090531164,13.155619892576869,32.583776605450346,7.181553214623593,-8.095059090579568
run4,69,1.1333333333333335,174.43680484352367,138.25768090531164,13.155619892576869,32.583776605450346,7.181553214623593,-8.095059090579568
run4,70,1.096666666666667,174.43680484352367,138.25768090531164,13.155619892576869,32.583776605450346,7.181553214623593,-8.095059090579568
run4,71,0.7500000000000001,174.43680484352367,138.25768090531164,13.155619892576869,32.583776605450346,7.181553214623593,-8.095059090579568
run4,72,1.1,174.43680484352367,138.25768090531164,13.155619892576869,32.583776605450346,7.181553214623593,-8.095059090579568
run4,73,1.1033333333333333,174.43680484352367,138.25768090531164,13.155619892576869,32.583776605450346,7.181553214623593,-8.095059090579568
run4,74,0.7266666666666667,174.43680484352367,138.25768090531164,13.155619892576869,32.583776605450346,7.181553214623593,-8.095059090579568
run4,75,1.106666666666667,174.43680484352367,138.25768090531164,13.155619892576869,32.583776605450346,7.181553214623593,-8.095059090579568
run4,76,1.1033333333333335,174.43680484352367,138.25768090531164,13.155619892576869,32.583776605450346,7.181553214623593,-8.095059090579568
run4,77,0.7700000000000001,174.43680484352367,138.25768090531164,13.155619892576869,32.583776605450346,7.181553214623593,-8.095059090579568
run4,78,1.133333333333333,174.43680484352367,138.25768090531164,13.155619892576869,32.583776605450346,7.181553214623593,-8.095059090579568
run4,79,1.14,174.43680484352367,138.25768090531164,13.155619892576869,32.583776605450346,7.181553214623593,-8.095059090579568
run4,80,1.1033333333333333,174.43680484352367,138.25768090531164,13.155619892576869,32.583776605450346,7.181553214623593,-8.095059090579568
run4,81,1.1166666666666667,174.43680484352367,138.25768090531164,13.155619892576869,32.583776605450346,7.181553214623593,-8.095059090579568
run4,82,1.12,174.43680484352367,138.25768090531164,13.155619892576869,32.583776605450346,7.181553214623593,-8.095059090579568
run4,83,1.1,183.14023193691006,138.25768090531164,13.155619892576869,32.583776605450346,7.181553214623593,-8.095059090579568
run4,84,1.0833333333333333,183.14023193691006,138.25768090531164,13.155619892576869,32.583776605450346,7.181553214623593,-8.095059090579568
run4,85,1.1,183.14023193691006,138.25768090531164,13.155619892576869,32.583776605450346,7.181553214623593,-8.095059090579568
run4,86,0.7333333333333334,183.14023193691006,133.01977922356136,13.155619892576869,30.510700794554573,7.181553214623593,-8.095059090579568
run4,87,1.086666666666667,183.14023193691006,133.01977922356136,13.155619892576869,30.510700794554573,7.181553214623593,-8.095059090579568
run4,88,0.7233333333333333,183.14023193691006,133.01977922356136,13.155619892576869,30.510700794554573,7.181553214623593,-8.095059090579568
run4,89,0.7300000000000001,183.14023193691006,133.01977922356136,13.155619892576869,30.510700794554573,7.181553214623593,-8.095059090579568
run4,90,1.1,196.3631128510152,133.01977922356136,13.155619892576869,30.510700794554573,7.823867737968387,-8.095059090579568
run4,91,1.12,175.4267123209096,133.01977922356136,13.155619892576869,28.99904273270907,7.181553214623593,-8.095059090579568
run4,92,0.7600000000000001,175.4267123209096,133.01977922356136,13.155619892576869,28.99904273270907,7.181553214623593,-8.095059090579568
run4,93,1.1133333333333333,175.4267123209096,133.01977922356136,13.155619892576869,28.99904273270907,7.181553214623593,-8.095059090579568
run4,94,0.7733333333333334,175.4267123209096,133.01977922356136,13.155619892576869,28.99904273270907,7.181553214623593,-8.095059090579568
run4,95,1.116666666666667,175.4267123209096,133.01977922356136,13.155619892576869,28.99904273270907,7.181553214623593,-8.095059090579568
run4,96,0.7400000000000002,175.4267123209096,133.01977922356136,13.155619892576869,28.99904273270907,7.181553214623593,-8.095059090579568
run4,97,1.1033333333333333,175.4267123209096,133.01977922356136,13.155619892576869,28.99904273270907,7.181553214623593,-8.095059090579568
run4,98,0.7566666666666667,175.4267123209096,133.01977922356136,13.155619892576869,28.99904273270907,7.181553214623593,-8.095059090579568
run4,99,0.7833333333333333,175.4267123209096,133.01977922356136,13.155619892576869,28.99904273270907,7.181553214623593,-8.095059090579568
run4,100,1.09,175.4267123209096,133.01977922356136,13.155619892576869,28.99904273270907,7.181553214623593,-8.095059090579568
run4,101,0.7466666666666667,175.4267123209096,133.01977922356136,13.155619892576869,28.99904273270907,7.181553214623593,-8.095059090579568
run4,102,1.13,175.4267123209096,133.01977922356136,13.155619892576869,28.99904273270907,7.181553214623593,-8.095059090579568
run4,103,1.11,175.4267123209096,133.01977922356136,13.155619892576869,28.99904273270907,7.181553214623593,-8.095059090579568
run4,104,1.1033333333333333,177.21497136179156,133.01977922356136,13.155619892576869,28.99904273270907,7.181553214623593,-8.095059090579568
run4,105,0.7400000000000001,177.21497136179156,133.01977922356136,13.155619892576869,28.99904273270907,7.181553214623593,-8.095059090579568
run4,106,0.7633333333333333,175.4267123209096,133.01977922356136,13.155619892576869,28.99904273270907,7.181553214623593,-8.095059090579568
run4,107,0.7566666666666667,175.4267123209096,133.01977922356136,13.155619892576869,28.99904273270907,7.181553214623593,-8.095059090579568
run4,108,1.1166666666666667,163.26775073906947,133.01977922356136,13.155619892576869,28.99904273270907,7.181553214623593,-8.095059090579568
run4,109,0.7266666666666667,163.26775073906947,133.01977922356136,13.155619892576869,28.99904273270907,7.181553214623593,-8.095059090579568
run4,110,0.77,163.26775073906947,133.01977922356136,13.155619892576869,28.99904273270907,7.181553214623593,-8.095059090579568
run4,111,1.0766666666666669,163.26775073906947,133.01977922356136,13.155619892576869,28.99904273270907,7.181553214623593,-8.095059090579568
run4,112,0.73,163.26775073906947,133.01977922356136,13.155619892576869,28.99904273270907,7.181553214623593,-8.095059090579568
run4,113,0.7300000000000001,163.26775073906947,133.01977922356136,13.155619892576869,28.99904273270907,7.181553214623593,-8.095059090579568
run4,114,1.1133333333333333,163.26775073906947,133.01977922356136,13.155619892576869,28.99904273270907,7.181553214623593,-8.095059090579568
run4,115,1.0766666666666669,163.26775073906947,133.01977922356136,13.155619892576869,28.99904273270907,7.181553214623593,-8.095059090579568
run4,116,0.7300000000000001,163.26775073906947,133.01977922356136,13.155619892576869,28.99904273270907,7.181553214623593,-8.095059090579568
run4,117,0.7500000000000001,163.26775073906947,133.01977922356136,13.155619892576869,28.99904273270907,7.181553214623593,-8.095059090579568
run4,118,1.1,163.26775073906947,133.01977922356136,13.155619892576869,28.99904273270907,7.181553214623593,-8.095059090579568
run4,119,1.12,163.26775073906947,133.01977922356136,13.155619892576869,28.99904273270907,7.181553214623593,-8.095059090579568
run4,120,0.7500000000000001,163.26775073906947,133.01977922356136,13.155619892576869,28.99904273270907,7.181553214623593,-8.095059090579568
run4,121,0.7500000000000001,163.26775073906947,133.01977922356136,13.155619892576869,28.99904273270907,7.181553214623593,-8.095059090579568
run4,122,1.1333333333333335,163.26775073906947,133.01977922356136,13.155619892576869,28.99904273270907,7.181553214623593,-8.095059090579568
run4,123,1.0766666666666669,163.26775073906947,133.01977922356136,13.155619892576869,28.99904273270907,7.181553214623593,-8.095059090579568
run4,124,1.1,163.26775073906947,133.01977922356136,13.155619892576869,28.99904273270907,7.181553214623593,-8.095059090579568
run4,125,0.7533333333333334,163.26775073906947,135.79333251882085,5.576885479526774,28.99904273270907,7.181553214623593,-8.095059090579568
run4,126,1.1133333333333333,163.26775073906947,133.01977922356136,13.155619892576869,28.99904273270907,7.181553214623593,-8.095059090579568
run4,127,0.7500000000000001,163.26775073906947,133.01977922356136,13.155619892576869,28.99904273270907,7.181553214623593,-8.095059090579568
run4,128,1.1166666666666667,163.26775073906947,133.01977922356136,13.155619892576869,28.99904273270907,7.181553214623593,-8.095059090579568
run4,129,0.7633333333333333,163.26775073906947,133.01977922356136,13.155619892576869,28.99904273270907,7.181553214623593,-8.095059090579568
run4,130,1.12,163.26775073906947,133.01977922356136,13.155619892576869,28.99904273270907,7.181553214623593,-8.095059090579568
run4,131,1.1133333333333333,163.26775073906947,133.01977922356136,13.155619892576869,28.99904273270907,7.181553214623593,-8.095059090579568
run4,132,0.7499999999999999,163.26775073906947,133.01977922356136,8.18537817612093,35.5176435117051,7.181553214623593,-8.095059090579568
run4,133,1.0766666666666664,163.26775073906947,133.01977922356136,13.155619892576869,28.99904273270907,7.181553214623593,-8.095059090579568
run4,134,1.1,163.26775073906947,133.01977922356136,13.155619892576869,28.99904273270907,7.181553214623593,-8.095059090579568
run4,135,1.1333333333333335,163.26775073906947,133.01977922356136,13.155619892576869,28.99904273270907,7.181553214623593,-8.095059090579568
run4,136,0.7633333333333333,163.26775073906947,133.01977922356136,13.155619892576869,28.99904273270907,7.181553214623593,-8.095059090579568
run4,137,1.086666666666667,163.26775073906947,130.90514048543707,8.154204859987038,28.99904273270907,7.181553214623593,-8.095059090579568
run4,138,1.13,163.26775073906947,133.01977922356136,13.155619892576869,28.99904273270907,7.181553214623593,-8.095059090579568
run4,139,0.73,163.26775073906947,133.01977922356136,13.155619892576869,28.99904273270907,7.181553214623593,-8.095059090579568
run4,140,0.7500000000000001,163.26775073906947,133.01977922356136,13.155619892576869,28.99904273270907,7.181553214623593,-8.095059090579568
run4,141,1.12,163.26775073906947,133.01977922356136,13.155619892576869,28.99904273270907,7.181553214623593,-8.095059090579568
run4,142,0.7500000000000001,163.26775073906947,133.01977922356136,13.155619892576869,28.99904273270907,7.181553214623593,-8.095059090579568
run4,143,1.13,163.26775073906947,133.01977922356136,13.155619892576869,28.99904273270907,7.181553214623593,-8.095059090579568
run4,144,1.0766666666666669,163.26775073906947,133.01977922356136,13.155619892576869,28.99904273270907,7.181553214623593,-8.095059090579568
run4,145,1.1333333333333335,163.26775073906947,133.01977922356136,13.155619892576869,28.99904273270907,7.181553214623593,-8.095059090579568
run4,146,1.1333333333333335,163.26775073906947,133.01977922356136,13.155619892576869,28.99904273270907,7.181553214623593,-8.095059090579568
run4,147,1.096666666666667,163.26775073906947,133.01977922356136,13.155619892576869,28.99904273270907,7.181553214623593,-8.095059090579568
run4,148,1.11,163.26775073906947,133.01977922356136,13.155619892576869,28.99904273270907,7.181553214623593,-8.095059090579568
run4,149,1.1,163.26775073906947,133.01977922356136,13.155619892576869,28.99904273270907,7.181553214623593,-8.095059090579568
run4,150,1.1,163.26775073906947,133.01977922356136,13.155619892576869,28.99904273270907,7.181553214623593,-8.095059090579568
run4,151,1.096666666666667,163.26775073906947,133.01977922356136,13.155619892576869,28.99904273270907,7.181553214623593,-8.095059090579568
run4,152,1.1,163.26775073906947,133.01977922356136,13.155619892576869,28.99904273270907,7.181553214623593,-8.095059090579568
run4,153,1.1333333333333335,163.26775073906947,133.01977922356136,13.155619892576869,28.99904273270907,7.181553214623593,-8.095059090579568
run4,154,1.096666666666667,163.26775073906947,133.01977922356136,13.155619892576869,28.99904273270907,7.181553214623593,-8.095059090579568
run4,155,1.096666666666667,163.26775073906947,133.01977922356136,13.155619892576869,28.99904273270907,7.181553214623593,-8.095059090579568
run4,156,1.096666666666667,163.26775073906947,133.01977922356136,13.155619892576869,28.99904273270907,7.181553214623593,-8.095059090579568
run4,157,1.1333333333333333,163.26775073906947,133.01977922356136,13.155619892576869,28.99904273270907,7.181553214623593,-8.095059090579568
run4,158,1.13,163.26775073906947,133.01977922356136,13.155619892576869,28.99904273270907,7.181553214623593,-8.095059090579568
run4,159,0.7500000000000001,163.26775073906947,133.01977922356136,13.155619892576869,28.99904273270907,7.181553214623593,-8.095059090579568
run4,160,0.7633333333333333,163.26775073906947,133.01977922356136,13.155619892576869,28.99904273270907,7.181553214623593,-8.095059090579568
run4,161,1.12,163.26775073906947,133.01977922356136,13.155619892576869,28.99904273270907,7.181553214623593,-8.095059090579568
run4,162,1.1,163.26775073906947,133.01977922356136,13.155619892576869,28.99904273270907,7.181553214623593,-8.095059090579568
run4,163,1.12,163.26775073906947,133.01977922356136,13.155619892576869,28.99904273270907,7.181553214623593,-8.095059090579568
run4,164,0.7366666666666668,173.76846119544703,146.41473148174882,13.155619892576869,28.99904273270907,7.181553214623593,-8.095059090579568
run4,165,1.096666666666667,173.76846119544703,146.41473148174882,13.155619892576869,28.99904273270907,7.181553214623593,-8.095059090579568
run4,166,0.7366666666666668,173.76846119544703,146.41473148174882,13.155619892576869,28.99904273270907,7.181553214623593,-8.095059090579568
run4,167,1.0833333333333333,173.76846119544703,146.41473148174882,13.155619892576869,28.99904273270907,7.181553214623593,-8.095059090579568
run4,168,1.1133333333333333,163.26775073906947,133.01977922356136,13.155619892576869,28.99904273270907,7.181553214623593,-8.095059090579568
run4,169,1.106666666666667,173.76846119544703,146.41473148174882,13.155619892576869,28.99904273270907,7.181553214623593,-8.095059090579568
run4,170,1.106666666666667,173.76846119544703,146.41473148174882,13.155619892576869,28.99904273270907,7.181553214623593,-8.095059090579568
run4,171,0.7666666666666667,173.76846119544703,146.41473148174882,13.155619892576869,28.99904273270907,7.181553214623593,-8.095059090579568
run4,172,1.1,173.76846119544703,146.41473148174882,13.155619892576869,28.99904273270907,7.181553214623593,-8.095059090579568
run4,173,1.0766666666666664,173.76846119544703,146.41473148174882,13.155619892576869,28.99904273270907,7.181553214623593,-8.095059090579568
run4,174,1.0833333333333333,173.76846119544703,146.41473148174882,13.155619892576869,28.99904273270907,7.181553214623593,-8.095059090579568
run4,175,1.0933333333333335,173.76846119544703,146.41473148174882,13.155619892576869,28.99904273270907,7.181553214623593,-8.095059090579568
run4,176,0.7366666666666667,173.76846119544703,146.41473148174882,13.155619892576869,28.99904273270907,7.181553214623593,-8.095059090579568
run4,177,1.106666666666667,173.76846119544703,146.41473148174882,13.155619892576869,28.99904273270907,7.181553214623593,-8.095059090579568
run4,178,1.1166666666666665,173.76846119544703,146.41473148174882,13.155619892576869,28.99904273270907,7.181553214623593,-8.095059090579568
run4,179,0.7400000000000001,173.76846119544703,146.41473148174882,13.155619892576869,28.99904273270907,19.59352634537327,-10.895880295864023
run4,180,1.106666666666667,173.76846119544703,159.7830898039381,13.155619892576869,29.809621785706668,7.181553214623593,-8.095059090579568
run4,181,0.7566666666666668,173.76846119544703,146.41473148174882,13.155619892576869,28.99904273270907,7.181553214623593,-8.095059090579568
run4,182,1.096666666666667,173.76846119544703,146.41473148174882,13.155619892576869,28.99904273270907,7.181553214623593,-8.095059090579568
run4,183,1.1233333333333333,173.76846119544703,146.41473148174882,13.155619892576869,28.99904273270907,7.181553214623593,-8.095059090579568
run4,184,1.12,173.76846119544703,146.41473148174882,13.155619892576869,28.99904273270907,7.181553214623593,-8.095059090579568
run4,185,1.096666666666667,173.76846119544703,146.41473148174882,13.155619892576869,28.99904273270907,7.181553214623593,-8.095059090579568
run4,186,1.0933333333333333,173.76846119544703,146.41473148174882,13.155619892576869,20.658535676139476,7.181553214623593,-8.095059090579568
run4,187,1.0933333333333335,173.76846119544703,146.41473148174882,13.155619892576869,28.99904273270907,20.02454565790199,-14.819320995849377
run4,188,1.11,173.76846119544703,146.41473148174882,9.062152978786113,28.99904273270907,7.181553214623593,-8.095059090579568
run4,189,1.1233333333333333,173.76846119544703,146.41473148174882,13.155619892576869,28.99904273270907,7.181553214623593,-8.095059090579568
run4,190,1.1033333333333333,173.76846119544703,146.41473148174882,13.155619892576869,28.99904273270907,7.181553214623593,-8.095059090579568
run4,191,1.096666666666667,173.76846119544703,146.41473148174882,13.155619892576869,28.99904273270907,7.181553214623593,-8.095059090579568
run4,192,1.1166666666666667,173.76846119544703,146.41473148174882,13.155619892576869,28.99904273270907,7.181553214623593,-8.095059090579568
run4,193,1.1233333333333333,173.76846119544703,146.41473148174882,13.155619892576869,28.99904273270907,7.181553214623593,-8.095059090579568
run4,194,1.096666666666667,173.76846119544703,146.41473148174882,13.155619892576869,28.99904273270907,7.181553214623593,-8.095059090579568
run5,1,2.58,173.77,146.41,10.818166391515145,29.0,7.18,-8.1
run6,1,0.0,173.77,146.41,10.818166391515145,29.0,7.18,-8.1
run6,2,0.0,173.77,146.41,10.818166391515145,29.0,7.18,-8.1
run6,3,0.2199999999999999,173.77,146.41,2.0959731987585233,29.0,7.18,-8.1
run6,4,0.2199999999999999,173.77,146.41,2.0959731987585233,29.0,7.18,-8.1
run6,5,0.2999999999999998,179.97997511220666,146.41,2.0959731987585233,29.0,7.18,-8.1
run6,6,1.06,173.77,146.41,2.0959731987585233,30.22972300394153,1.0,-8.1
run6,7,0.2799999999999998,179.97997511220666,146.41,2.0959731987585233,29.0,17.08320535285364,-8.1
run6,8,2.3,173.77,159.93028008163802,2.0959731987585233,30.22972300394153,1.0,-8.1
run6,9,1.26,186.51583362136316,146.41,2.0959731987585233,29.0,17.08320535285364,-8.1
run6,10,2.28,173.77,159.93028008163802,2.0959731987585233,30.22972300394153,7.105104067380594,-8.1
run6,11,2.3200000000000003,173.77,159.93028008163802,0.0,30.22972300394153,7.105104067380594,-8.1
run6,12,2.3600000000000003,177.02584595557929,146.41,0.0,29.0,17.08320535285364,-8.1
run6,13,0.0,177.02584595557929,146.41,0.0,29.0,17.08320535285364,-8.1
run6,14,1.08,178.40041522062126,146.41,0.0,29.0,17.08320535285364,0.0
run6,15,0.1399999999999999,177.02584595557929,146.41,1.8969240477814964,36.822718032146284,17.08320535285364,-8.1
run6,16,0.1399999999999999,177.02584595557929,146.41,1.8969240477814964,36.822718032146284,17.08320535285364,-8.1
run6,17,2.34,177.02584595557929,146.41,6.286571570854409,36.822718032146284,17.08320535285364,-8.1
run6,18,0.0,177.02584595557929,146.41,6.286571570854409,36.822718032146284,17.08320535285364,-8.1
run6,19,0.0,177.02584595557929,146.41,6.286571570854409,36.822718032146284,17.08320535285364,-8.1
run6,20,0.0,177.02584595557929,146.41,6.286571570854409,36.822718032146284,17.08320535285364,-8.1
run6,21,0.04,177.02584595557929,146.41,3.8091491121741576,36.822718032146284,17.08320535285364,-8.1
run6,22,1.1,177.02584595557929,146.41,6.286571570854409,36.822718032146284,17.08320535285364,0.0
run6,23,2.26,177.02584595557929,146.41,0.0,36.822718032146284,17.08320535285364,0.0
run6,24,2.12,177.02584595557929,146.41,10.775820988358124,36.822718032146284,12.34468875331968,-8.1
run6,25,0.24,177.02584595557929,146.41,0.0,46.05675291428575,17.08320535285364,0.0
run6,26,0.3399999999999998,177.02584595557929,146.41,10.775820988358124,27.568951554389102,12.34468875331968,-8.1
run7,1,0.26,177.03,146.41,10.78,36.82,12.35,-4.087151684338449
run7,2,2.26,177.03,146.41,10.78,36.82,18.565079465080565,-20.96157716640438
run7,3,0.0,177.03,146.41,10.78,36.82,18.565079465080565,-20.96157716640438
run7,4,0.0399999999999998,177.03,146.41,17.69303562510389,43.98911296840191,18.565079465080565,-20.96157716640438
run7,5,0.0399999999999998,177.03,146.41,17.69303562510389,43.98911296840191,18.565079465080565,-20.96157716640438
run7,6,0.0399999999999998,177.03,146.41,17.69303562510389,43.98911296840191,18.565079465080565,-20.96157716640438
run7,7,1.04,177.03,146.4424556663711,17.69303562510389,43.98911296840191,13.992819934225489,-20.96157716640438
run7,8,2.6,177.03,146.4424556663711,17.69303562510389,43.98911296840191,22.196694346712725,-16.00175482484235
run7,9,0.0,177.03,146.4424556663711,17.69303562510389,43.98911296840191,22.196694346712725,-16.00175482484235
run7,10,0.0,177.03,146.4424556663711,17.69303562510389,43.98911296840191,22.196694346712725,-16.00175482484235
run7,11,2.64,177.03,146.4424556663711,16.1566199048131,43.98911296840191,22.196694346712725,-16.00175482484235
run7,12,0.0,177.03,146.4424556663711,16.1566199048131,43.98911296840191,22.196694346712725,-16.00175482484235
run7,13,0.0,177.03,146.4424556663711,16.1566199048131,43.98911296840191,22.196694346712725,-16.00175482484235
run7,14,0.0,177.03,146.4424556663711,16.1566199048131,43.98911296840191,22.196694346712725,-16.00175482484235
run7,15,0.0,177.03,146.4424556663711,16.1566199048131,43.98911296840191,22.196694346712725,-16.00175482484235
run7,16,2.24,177.03,146.4424556663711,10.834470319920197,43.98911296840191,22.196694346712725,-16.00175482484235
run7,17,0.0799999999999998,177.03,140.20939924620495,16.1566199048131,43.98911296840191,22.196694346712725,-16.00175482484235
run7,18,0.0799999999999998,177.03,140.20939924620495,16.1566199048131,43.98911296840191,22.196694346712725,-16.00175482484235
run7,19,0.0799999999999998,177.03,140.20939924620495,16.1566199048131,43.98911296840191,22.196694346712725,-16.00175482484235
run7,20,0.0799999999999998,177.03,140.20939924620495,16.1566199048131,43.98911296840191,22.196694346712725,-16.00175482484235
run7,21,0.0799999999999998,177.03,140.20939924620495,16.1566199048131,43.98911296840191,22.196694346712725,-16.00175482484235
run7,22,0.0799999999999998,177.03,140.20939924620495,16.1566199048131,43.98911296840191,22.196694346712725,-16.00175482484235
run7,23,0.0799999999999998,177.03,140.20939924620495,16.1566199048131,43.98911296840191,22.196694346712725,-16.00175482484235
run7,24,0.0799999999999998,177.03,140.20939924620495,16.1566199048131,43.98911296840191,22.196694346712725,-16.00175482484235
run7,25,0.0799999999999998,177.03,140.20939924620495,16.1566199048131,43.98911296840191,22.196694346712725,-16.00175482484235
run7,26,0.0799999999999998,177.03,140.20939924620495,16.1566199048131,43.98911296840191,22.196694346712725,-16.00175482484235
run7,27,0.0799999999999998,177.03,140.20939924620495,16.1566199048131,43.98911296840191,22.196694346712725,-16.00175482484235
run7,28,0.0799999999999998,177.03,140.20939924620495,16.1566199048131,43.98911296840191,22.196694346712725,-16.00175482484235
run7,29,0.0799999999999998,177.03,140.20939924620495,16.1566199048131,43.98911296840191,22.196694346712725,-16.00175482484235
run7,30,0.0799999999999998,177.03,140.20939924620495,16.1566199048131,43.98911296840191,22.196694346712725,-16.00175482484235
run7,31,0.0799999999999998,177.03,140.20939924620495,16.1566199048131,43.98911296840191,22.196694346712725,-16.00175482484235
run7,32,0.0799999999999998,177.03,140.20939924620495,16.1566199048131,43.98911296840191,22.196694346712725,-16.00175482484235
run7,33,0.0799999999999998,177.03,140.20939924620495,16.1566199048131,43.98911296840191,22.196694346712725,-16.00175482484235
run7,34,0.0799999999999998,177.03,140.20939924620495,16.1566199048131,43.98911296840191,22.196694346712725,-16.00175482484235
run8,1,6.640000000000001,177.03,140.21,16.16,43.99,22.2,-26.682677684988274
run8,2,2.16,177.03,125.29982139590321,16.16,34.98074819321503,22.2,-16.0
run8,3,4.279999999999999,177.03,140.21,16.16,43.99,22.2,-30.0
run8,4,4.12,177.03,125.29982139590321,9.734698632744923,34.98074819321503,22.2,-16.0
run8,5,8.120000000000003,177.03,140.21,6.8590467784162925,53.42910831744241,22.2,-30.0
run8,6,5.380000000000001,177.03,129.24854082541842,7.995720161762419,34.98074819321503,22.2,-16.0
run8,7,5.719999999999999,177.03,140.21,6.8590467784162925,53.42910831744241,22.2,-22.599943098183367
run8,8,0.0,177.03,140.21,6.8590467784162925,53.42910831744241,22.2,-22.599943098183367
run9,1,2.22,177.03,144.9780649875086,6.86,53.43,22.2,-22.6
run9,2,2.04,177.03,140.21,9.840772550056036,53.43,22.2,-18.763004256439267
run9,3,2.52,177.03,141.16657833795202,6.86,53.43,22.2,-22.6
run9,4,0.1199999999999998,177.64523119580602,140.21,9.018972742117521,53.43,22.2,-18.763004256439267
run9,5,2.2,177.64523119580602,140.21,9.018972742117521,53.43,22.2,-16.573089060438527
run9,6,2.3600000000000003,177.03,140.21,7.458001976644605,52.222591837925634,22.2,-21.777425834012035
run9,7,2.4400000000000004,177.03,140.21,7.458001976644605,52.222591837925634,22.2,-18.89001517347355
run9,8,2.28,177.64523119580602,137.55375927943575,5.420564802237618,53.43,22.2,-16.36788448070459
run9,9,0.06,177.03,140.21,5.729560965472256,52.222591837925634,22.2,-18.89001517347355
run9,10,2.2,177.64523119580602,137.55375927943575,5.420564802237618,53.43,22.2,-20.99920116800579
run9,11,2.12,177.64523119580602,137.55375927943575,5.551977475737268,53.43,21.39935646704795,-16.36788448070459
run9,12,2.4000000000000004,177.64523119580602,137.55375927943575,10.152204882506794,53.43,22.2,-20.99920116800579
run9,13,2.14,177.64523119580602,140.9107673789331,5.420564802237618,53.29492782307399,21.39935646704795,-20.07588409530876
run9,14,2.26,178.79194296108503,140.9107673789331,6.723426871745081,53.29492782307399,21.39935646704795,-16.36788448070459
run9,15,2.38,176.99488164162744,144.1816426057077,5.420564802237618,55.60990400561606,21.39935646704795,-16.36788448070459
run9,16,2.16,178.79194296108503,140.9107673789331,5.420564802237618,46.035003927395394,21.39935646704795,-15.0
run9,17,2.14,176.99488164162744,144.1816426057077,5.420564802237618,58.62820975975357,21.39935646704795,-16.36788448070459
run9,18,2.2,179.38544483915223,144.1816426057077,8.773886970261731,55.60990400561606,21.39935646704795,-16.36788448070459
run9,19,2.3600000000000003,179.38544483915223,144.1816426057077,5.420564802237618,53.67669244091276,24.022603552008924,-16.36788448070459
